#{"t_start": 1743097353.3835576, "env_id": "highway-fast-v0"}
r,l,t
3.748486,5,1.481488
8.41171,10,2.566409
1.799377,3,2.880246
